{
  "project_info": {
    "project_number": "617289174001",
    "firebase_url": "https://fir-pbstorage.firebaseio.com",
    "project_id": "fir-pbstorage",
    "storage_bucket": "fir-pbstorage.appspot.com"
  },
  "client": [
    {
      "client_info": {
        "mobilesdk_app_id": "1:617289174001:android:81db1ab0829c32a9",
        "android_client_info": {
          "package_name": "com.bpothina.inclass11"
        }
      },
      "oauth_client": [
        {
          "client_id": "617289174001-flqtql25fcbd2ekg8225aap9pdhjulum.apps.googleusercontent.com",
          "client_type": 1,
          "android_info": {
            "package_name": "com.bpothina.inclass11",
            "certificate_hash": "D0D6C99028B5AAC746E5C28CB4A4DE4E970DD612"
          }
        },
        {
          "client_id": "617289174001-v9r49d6i7006nrlrq2accmtvrfi322d8.apps.googleusercontent.com",
          "client_type": 3
        }
      ],
      "api_key": [
        {
          "current_key": "AIzaSyBD9CMnC9_zov-cdMLVVe1yqP0Q2yZU6m8"
        }
      ],
      "services": {
        "analytics_service": {
          "status": 1
        },
        "appinvite_service": {
          "status": 2,
          "other_platform_oauth_client": [
            {
              "client_id": "617289174001-v9r49d6i7006nrlrq2accmtvrfi322d8.apps.googleusercontent.com",
              "client_type": 3
            }
          ]
        },
        "ads_service": {
          "status": 2
        }
      }
    }
  ],
  "configuration_version": "1"
}