{
  "project_info": {
    "project_number": "89631962649",
    "firebase_url": "https://fir-pbapp.firebaseio.com",
    "project_id": "fir-pbapp",
    "storage_bucket": "fir-pbapp.appspot.com"
  },
  "client": [
    {
      "client_info": {
        "mobilesdk_app_id": "1:89631962649:android:8d4319a9558712df",
        "android_client_info": {
          "package_name": "com.bpothina.inclass10"
        }
      },
      "oauth_client": [
        {
          "client_id": "89631962649-0k099q96hi4h5tqpjv97q56736nq6s0d.apps.googleusercontent.com",
          "client_type": 1,
          "android_info": {
            "package_name": "com.bpothina.inclass10",
            "certificate_hash": "D0D6C99028B5AAC746E5C28CB4A4DE4E970DD612"
          }
        },
        {
          "client_id": "89631962649-ef7i5ongelt577ftt7kj4jaj54728df5.apps.googleusercontent.com",
          "client_type": 3
        }
      ],
      "api_key": [
        {
          "current_key": "AIzaSyCZrz0WUNvdpgOoK1OdbOniyq97APqTHe0"
        }
      ],
      "services": {
        "analytics_service": {
          "status": 1
        },
        "appinvite_service": {
          "status": 2,
          "other_platform_oauth_client": [
            {
              "client_id": "89631962649-ef7i5ongelt577ftt7kj4jaj54728df5.apps.googleusercontent.com",
              "client_type": 3
            }
          ]
        },
        "ads_service": {
          "status": 2
        }
      }
    }
  ],
  "configuration_version": "1"
}