{
  "project_info": {
    "project_number": "413495681842",
    "firebase_url": "https://homework7part1-8c3ae.firebaseio.com",
    "project_id": "homework7part1-8c3ae",
    "storage_bucket": "homework7part1-8c3ae.appspot.com"
  },
  "client": [
    {
      "client_info": {
        "mobilesdk_app_id": "1:413495681842:android:9764673836c25a93",
        "android_client_info": {
          "package_name": "com.bpothina.homeworkpart71"
        }
      },
      "oauth_client": [
        {
          "client_id": "413495681842-8r63pn5ifdfim4rrpf7alrdgjg5a1n5i.apps.googleusercontent.com",
          "client_type": 1,
          "android_info": {
            "package_name": "com.bpothina.homeworkpart71",
            "certificate_hash": "D0D6C99028B5AAC746E5C28CB4A4DE4E970DD612"
          }
        },
        {
          "client_id": "413495681842-r2boas6jvn46436rnka6d37976i1an0h.apps.googleusercontent.com",
          "client_type": 3
        }
      ],
      "api_key": [
        {
          "current_key": "AIzaSyDNOqsf9Ie5aduo37jNB6RszQRwmfbTA0U"
        }
      ],
      "services": {
        "analytics_service": {
          "status": 1
        },
        "appinvite_service": {
          "status": 2,
          "other_platform_oauth_client": [
            {
              "client_id": "413495681842-r2boas6jvn46436rnka6d37976i1an0h.apps.googleusercontent.com",
              "client_type": 3
            }
          ]
        },
        "ads_service": {
          "status": 2
        }
      }
    }
  ],
  "configuration_version": "1"
}